<?xml version="1.0" encoding="utf-8"?>
    <selector xmlns:android="http://schemas.android.com/apk/res/android">
        <item android:state_pressed="true">
            <shape android:shape="rectangle">

                <stroke android:width="1dip" android:color="#E25B45"/>
                <solid android:color="#E25B45"/>
            </shape>
        </item>
        <item android:state_focused="true">
            <shape android:shape="rectangle">

                <stroke android:width="1dip" android:color="#E25B45"/>
                <solid android:color="#E25B45"/>
            </shape>
        </item>
        <item>
            <shape android:shape="rectangle">

                <stroke android:width="1dip" android:color="#E25B45"/>
                <solid android:color="#E25B45"/>
            </shape>
        </item>
    </selector>