<?xml version="1.0" encoding="utf-8"?>
    <selector xmlns:android="http://schemas.android.com/apk/res/android">
        <item android:state_pressed="true">
            <shape android:shape="rectangle">
              <corners android:radius="30dip"/>
                <stroke android:color="#E5E5E5" android:width="2dip"/>
              <solid android:color="#FFF"/>
          </shape>
        </item>
        <item android:state_focused="true">
            <shape android:shape="rectangle">
               <corners android:radius="30dip"/>
                <stroke android:color="#E5E5E5" android:width="2dip"/>

               <solid android:color="#FFF"/>
            </shape>
        </item>
        <item>
            <shape android:shape="rectangle">
                <corners android:radius="30dip"/>
                <stroke android:color="#E5E5E5" android:width="2dip"/>

                <solid android:color="#FFF"/>
            </shape>
        </item>
    </selector>