<?xml version="1.0" encoding="utf-8"?>
    <selector xmlns:android="http://schemas.android.com/apk/res/android">
        <item android:state_pressed="true">
            <shape android:shape="rectangle">
                <corners android:radius="30dip"/>
                <stroke android:width="1dip" android:color="#E5E5E5"/>
                <solid android:color="#E5E5E5"/>
            </shape>
        </item>
        <item android:state_focused="true">
            <shape android:shape="rectangle">
                <corners android:radius="30dip"/>
                <stroke android:width="1dip" android:color="#E5E5E5"/>
                <solid android:color="#E5E5E5"/>
            </shape>
        </item>
        <item>
            <shape android:shape="rectangle">
                <corners android:radius="30dip"/>
                <stroke android:width="1dip" android:color="#E5E5E5"/>
                <solid android:color="#E5E5E5"/>
            </shape>
        </item>
    </selector>