<?xml version="1.0" encoding="utf-8"?>
<selector xmlns:android="http://schemas.android.com/apk/res/android">
<item android:state_pressed="true">
    <shape android:shape="rectangle">
        <corners android:radius="10dip"/>
        <stroke android:width="2dip" android:color="#E5E5E5"/>
        <gradient android:angle="180" android:startColor="#E5E5E5" android:endColor="#E5E5E5"/>
    </shape>
</item>
<item android:state_focused="true">
    <shape android:shape="rectangle">
        <corners android:radius="10dip"/>
        <stroke android:width="2dip" android:color="#E5E5E5"/>
        <gradient android:angle="180" android:startColor="#E5E5E5" android:endColor="#E5E5E5"/>
    </shape>
</item>
<item>
    <shape android:shape="rectangle">
        <corners android:radius="10dip"/>
        <stroke android:width="2dip" android:color="#E5E5E5"/>
        <gradient android:angle="180" android:startColor="#E5E5E5" android:endColor="#E5E5E5"/>
    </shape>
</item>
</selector>