<?xml version="1.0" encoding="utf-8"?>
<selector xmlns:android="http://schemas.android.com/apk/res/android">
    <item android:state_pressed="true">
        <shape android:shape="rectangle">
            <corners android:radius="30dip"/>
            <stroke android:width="2dip" android:color="#6BA2E8"/>
            <gradient android:angle="180" android:startColor="#6BA2E8" android:endColor="#6BA2E8"/>
        </shape>
    </item>
    <item android:state_focused="true">
        <shape android:shape="rectangle">
            <corners android:radius="30dip"/>
            <stroke android:width="2dip" android:color="#6BA2E8"/>
            <gradient android:angle="180" android:startColor="#6BA2E8" android:endColor="#6BA2E8"/>
        </shape>
    </item>
    <item>
        <shape android:shape="rectangle">
            <corners android:radius="30dip"/>
            <stroke android:width="2dip" android:color="#6BA2E8"/>
            <gradient android:angle="180" android:startColor="#6BA2E8" android:endColor="#6BA2E8"/>
        </shape>
    </item>
</selector>