<?xml version="1.0" encoding="utf-8"?>
    <selector xmlns:android="http://schemas.android.com/apk/res/android">
        <item android:state_pressed="true">
            <shape android:shape="rectangle">


                <gradient android:angle="180" android:startColor="#FFC329" android:endColor="#FFC329"/>
            </shape>
        </item>
        <item android:state_focused="true">
            <shape android:shape="rectangle">


                <gradient android:angle="180" android:startColor="#FFC329" android:endColor="#FFC329"/>
            </shape>
        </item>
        <item>
            <shape android:shape="rectangle">


                <gradient android:angle="180" android:startColor="#FFC329" android:endColor="#FFC329"/>
            </shape>
        </item>
    </selector>